iso3c,iso2c,country,prop_agro,prop_ind,prop_serv,prop_familiar,prop_emp,prop_asal,prop_tcp,prop_pob_rel_sal,prop_pob_rel_no_sal,clust_3,clust_5,clust_8,clust_9
AFG,AF,Afghanistan,42.8390007019043,18.1620006561279,38.9990005493164,23.3959999084473,2.60199999809265,17.6720008850098,56.33000302314755,20.274000883102453,79.72600293159485,C2,C1,C1,C9
ALB,AL,Albania,36.6910018920898,20.0049991607666,43.3040008544922,27.3649997711182,2.51699995994568,44.6310005187988,25.486999750137322,47.14800047874448,52.85199952125552,C3,C1,C2,C1
DZA,DZ,Algeria,9.85599994659424,30.7339992523193,59.4099998474121,1.86300003528595,4.61700010299683,68.3889999389648,25.13099992275242,73.00600004196163,26.99399995803837,C1,C2,C3,C5
AGO,AO,Angola,50.3800010681152,8.12199974060059,41.4980010986328,8.82900047302246,4.26100015640259,29.7430000305176,57.16700315475465,34.00400018692019,65.99600362777711,C2,C1,C2,C8
ARG,AR,Argentina,0.0920000001788139,21.4109992980957,78.4970016479492,0.542999982833862,3.90700006484985,74.2870025634766,21.262999296188386,78.19400262832646,21.80599927902225,C1,C3,C4,C5
ARM,AM,Armenia,29.6380004882813,17.1749992370605,53.1870002746582,2.15199995040894,1.22399997711182,60.1080017089844,36.51599836349483,61.33200168609622,38.66799831390377,C3,C4,C5,C5
AUS,AU,Australia,2.55999994277954,19.8059997558594,77.6350021362305,0.181999996304512,5.75299978256226,83.6129989624023,10.451999351382227,89.36599874496456,10.63399934768674,C1,C3,C4,C9
AUT,AT,Austria,3.58100008964539,25.2569999694824,71.1630020141602,1.19000005722046,4.54500007629395,88.0699996948242,6.19500017166139,92.61499977111815,7.38500022888185,C1,C3,C4,C5
AZE,AZ,Azerbaijan,35.8699989318848,14.8570003509521,49.2729988098145,33.5330009460449,12.7650003433228,32.0040016174316,21.698000907897896,44.769001960754395,55.2310018539428,C3,C1,C1,C6
BHS,BS,"Bahamas, The",2.13800001144409,14.2170000076294,83.6460037231445,0.312999993562698,0.0120000001043081,85.9219970703125,13.753000074997594,85.93399707041681,14.066000068560292,C1,C3,C4,C6
BHR,BH,Bahrain,0.986000001430511,35.2169990539551,63.7970008850098,0.493000000715256,1.71399998664856,97.2050018310547,0.588000088930134,98.91900181770326,1.08100008964539,C1,C2,C6,C2
BGD,BD,Bangladesh,38.5769996643066,21.2590007781982,40.1640014648438,11.0600004196167,4.38500022888184,40.3639984130859,44.191000938415556,44.748998641967745,55.251001358032255,C3,C1,C2,C8
BRB,BB,Barbados,2.63000011444092,19.0389995574951,78.3310012817383,0.0780000016093254,0.848999977111816,83.3099975585938,15.763000555336458,84.15899753570562,15.841000556945783,C1,C3,C4,C3
BLR,BY,Belarus,11.0179996490479,30.451000213623,58.5309982299805,0.0329999998211861,0.884999990463257,95.8280029296875,3.253999941051007,96.71300292015076,3.2869999408721933,C1,C2,C6,C1
BEL,BE,Belgium,0.961000025272369,20.8439998626709,78.1940002441406,0.819000005722046,3.77500009536743,86.036003112793,9.369999647140524,89.81100320816043,10.18899965286257,C1,C3,C4,C4
BLZ,BZ,Belize,16.8460006713867,15.6999998092651,67.4540023803711,3.23399996757507,3.41300010681152,66.9649963378906,26.387999773025513,70.37799644470212,29.621999740600582,C1,C2,C3,C9
BEN,BJ,Benin,38.5779991149902,18.9930000305176,42.4290008544922,15.3489999771118,1.30900001525879,10.9589996337891,72.3830003738403,12.26799964904789,87.7320003509521,C2,C1,C1,C8
BTN,BT,Bhutan,55.314998626709,10.7679996490479,33.9169998168945,32.318000793457,0.0970000028610229,28.4230003356934,39.16200268268588,28.52000033855442,71.48000347614288,C2,C5,C7,C7
BOL,BO,Bolivia,30.7089996337891,19.4090003967285,49.8819999694824,18.1439990997314,4.91499996185303,31.8610000610352,45.08000087738037,36.776000022888226,63.223999977111774,C3,C1,C1,C6
BIH,BA,Bosnia and Herzegovina,15.3830003738403,32.2639999389648,52.3530006408691,3.58899998664856,4.93200016021729,78.9140014648438,12.565000295639052,83.84600162506109,16.154000282287612,C1,C2,C3,C9
BWA,BW,Botswana,20.6870002746582,18.1159992218018,61.1969985961914,3.92000007629395,2.59899997711182,71.4889984130859,21.991999626159632,74.08799839019771,25.91199970245358,C1,C2,C3,C6
BRA,BR,Brazil,9.2209997177124,19.7830009460449,70.9960021972656,2.2960000038147,4.80299997329712,67.2890014648438,25.61199855804448,72.09200143814093,27.90799856185918,C1,C2,C6,C7
BRN,BN,Brunei Darussalam,1.36300003528595,15.8809995651245,82.7559967041016,0.344999998807907,2.81100010871887,91.1539993286133,5.689999610185623,93.96499943733217,6.03499960899353,C1,C3,C4,C5
BGR,BG,Bulgaria,6.39300012588501,30.1429996490479,63.4640007019043,0.705999970436096,3.7260000705719,88.4800033569336,7.088000416755705,92.2060034275055,7.794000387191801,C1,C2,C6,C6
BFA,BF,Burkina Faso,25.2250003814697,33.7019996643066,41.0730018615723,39.9039993286133,0.676999986171722,12.9029998779297,46.51600080728527,13.579999864101422,86.42000013589858,C3,C1,C1,C3
BDI,BI,Burundi,92.0230026245117,1.4650000333786,6.51200008392334,29.632999420166,0.0719999969005585,5.34600019454956,64.94899991154674,5.418000191450118,94.58199933171274,C2,C5,C8,C2
CPV,CV,Cabo Verde,11.460000038147,21.992000579834,66.5490036010742,10.1230001449585,3.70799994468689,61.1240005493164,25.04499936103821,64.8320004940033,35.16799950599671,C1,C2,C3,C9
KHM,KH,Cambodia,32.2970008850098,29.0009994506836,38.7019996643066,4.58099985122681,0.0780000016093254,49.6430015563965,45.69799859076737,49.721001558005824,50.278998441994176,C3,C1,C2,C8
CMR,CM,Cameroon,43.4370002746582,14.951000213623,41.6119995117188,13.7659997940063,3.09500002861023,23.3430004119873,59.79599785804758,26.43800044059753,73.56199765205388,C2,C1,C1,C7
CAN,CA,Canada,1.45200002193451,19.4750003814697,79.072998046875,0.123999997973442,4.58400011062622,84.7249984741211,10.566999509930639,89.30899858474731,10.690999507904081,C1,C3,C4,C7
CAF,CF,Central African Republic,77.322998046875,5.40399980545044,17.2730007171631,37.0180015563965,1.15799999237061,7.46299982070923,54.361001014709494,8.620999813079841,91.37900257110599,C2,C5,C8,C1
TCD,TD,Chad,76.5559997558594,2.09999990463257,21.3439998626709,27.4379997253418,0.23199999332428,6.74399995803833,65.58599698543553,6.97599995136261,93.02399671077733,C2,C5,C8,C5
CHI,JG,Channel Islands,3.58699989318848,23.242000579834,73.1719970703125,0.953000009059906,4.58699989318848,85.3679962158203,9.092000067234014,89.95499610900877,10.04500007629392,C1,C3,C4,C7
CHL,CL,Chile,9.0019998550415,22.1529998779297,68.8450012207031,1.08000004291534,4.25400018692017,73.052001953125,21.61399972438809,77.30600214004517,22.69399976730343,C1,C2,C6,C3
CHN,CN,China,25.363000869751,28.201000213623,46.4360008239746,13.4049997329712,1.37000000476837,53.2519989013672,31.973001360893228,54.62199890613557,45.37800109386443,C3,C4,C5,C4
COL,CO,Colombia,16.613000869751,19.992000579834,63.3950004577637,3.41799998283386,4.14300012588501,48.7999992370605,43.63900065422063,52.94299936294551,47.05700063705449,C3,C2,C3,C3
COM,KM,Comoros,50.375,13.0310001373291,36.5940017700195,12.8819999694824,4.97100019454956,31.3190002441406,50.82799959182744,36.29000043869016,63.70999956130984,C2,C1,C2,C2
COD,CD,"Congo, Dem. Rep.",65.4309997558594,9.7480001449585,24.8209991455078,18.8099994659424,2.00300002098084,18.3229999542236,60.86400246620176,20.32599997520444,79.67400193214417,C2,C5,C7,C4
COG,CG,"Congo, Rep.",34.1300010681152,21.8570003509521,44.0139999389648,5.35500001907349,1.07400000095367,22.9479999542236,70.62300193309784,24.02199995517727,75.97800195217133,C3,C1,C1,C4
CRI,CR,Costa Rica,12.1090002059937,19.7560005187988,68.1350021362305,1.69200003147125,4.07600021362305,74.8679962158203,19.3639997243881,78.94399642944335,21.05599975585935,C1,C2,C6,C4
CIV,CI,Cote d'Ivoire,40.048999786377,13.1680002212524,46.7830009460449,12.2250003814697,1.56200003623962,27.2520008087158,58.96100068092348,28.81400084495542,71.18600106239319,C3,C1,C1,C2
HRV,HR,Croatia,5.96299982070923,27.4909992218018,66.5459976196289,1.22800004482269,4.72499990463257,88.0039978027344,6.04300034046174,92.72899770736697,7.27100038528443,C1,C2,C6,C2
CUB,CU,Cuba,17.507999420166,16.8780002593994,65.6139984130859,2.02699995040894,3.59400010108948,73.3079986572266,21.07099938392638,76.90199875831608,23.09799933433532,C1,C2,C3,C3
CYP,CY,Cyprus,2.07100009918213,16.42799949646,81.5009994506836,0.651000022888184,2.17199993133545,86.7679977416992,10.409000396728466,88.93999767303465,11.06000041961665,C1,C3,C4,C5
CZE,CZ,Czech Republic,2.71799993515015,37.2879981994629,59.9939994812012,0.465999990701675,3.11999988555908,83.1989974975586,13.215000718832043,86.31899738311768,13.681000709533718,C1,C2,C6,C3
DNK,DK,Denmark,2.18600010871887,18.4680004119873,79.3460006713867,0.382999986410141,3.14400005340576,91.9609985351563,4.51199951767922,95.10499858856207,4.894999504089361,C1,C3,C4,C8
DJI,DJ,Djibouti,33.1220016479492,13.0699996948242,53.8079986572266,8.14900016784668,2.36400008201599,52.8950004577637,36.59199929237363,55.25900053977969,44.74099946022031,C3,C4,C5,C1
DOM,DO,Dominican Republic,9.02099990844727,19.8610000610352,71.1179962158203,1.76800000667572,3.40799999237061,56.1920013427734,38.631998658180265,59.600001335144015,40.399998664855985,C1,C2,C3,C5
ECU,EC,Ecuador,29.2019996643066,18.3209991455078,52.4770011901855,12.3839998245239,3.00399994850159,50.2680015563965,34.34399867057802,53.272001504898085,46.727998495101915,C3,C4,C5,C7
EGY,EG,"Egypt, Arab Rep.",23.7919998168945,27.6800003051758,48.5279998779297,7.93900012969971,10.5329999923706,68.7460021972656,12.78199958801269,79.2790021896362,20.7209997177124,C3,C2,C3,C2
SLV,SV,El Salvador,16.2810001373291,22.1319999694824,61.5859985351563,5.79300022125244,4.51399993896484,61.2939987182617,28.39900112152102,65.80799865722653,34.19200134277346,C1,C2,C3,C5
GNQ,GQ,Equatorial Guinea,42.3569984436035,19.0659999847412,38.5769996643066,8.01399993896484,8.67099952697754,14.0389995574951,69.27599906921392,22.709999084472642,77.28999900817877,C2,C1,C1,C3
ERI,ER,Eritrea,61.2130012512207,8.44699954986572,30.3390007019043,37.773998260498,0.497000008821487,13.1199998855591,48.60899898409851,13.616999894380587,86.38299724459651,C2,C5,C7,C2
EST,EE,Estonia,3.18400001525879,29.5359992980957,67.2799987792969,0.187999993562698,4.44899988174438,89.4029998779297,5.960000246763221,93.85199975967409,6.14800024032592,C1,C2,C6,C7
SWZ,SZ,Eswatini,12.4580001831055,23.7919998168945,63.75,2.55900001525879,2.18700003623962,65.1750030517578,30.079000711441093,67.36200308799742,32.638000726699886,C1,C2,C3,C8
ETH,ET,Ethiopia,66.1289978027344,10.1920003890991,23.6790008544922,38.1959991455078,0.564999997615814,13.46399974823,47.775003969669385,14.028999745845814,85.97100311517718,C2,C5,C7,C4
FJI,FJ,Fiji,36.2599983215332,13.326000213623,50.4140014648438,19.2870006561279,1.16499996185303,55.6940002441406,23.85399913787847,56.859000205993624,43.140999794006376,C3,C4,C5,C6
FIN,FI,Finland,3.60599994659424,22.1879997253418,74.2060012817383,0.418999999761581,3.56699991226196,86.8479995727539,9.16600051522256,90.41499948501587,9.585000514984142,C1,C3,C4,C2
FRA,FR,France,2.44300007820129,20.0860004425049,77.4710006713867,0.266000002622604,4.21500015258789,88.3580017089844,7.161000043153806,92.5730018615723,7.427000045776411,C1,C3,C4,C4
PYF,PF,French Polynesia,6.88399982452393,14.6800003051758,78.4359970092773,0.462000012397766,3.98499989509583,83.4160003662109,12.136999726295505,87.40100026130672,12.598999738693271,C1,C3,C4,C3
GAB,GA,Gabon,32.8310012817383,10.753999710083,56.4150009155273,1.07099997997284,2.37899994850159,66.1569976806641,30.39299857616427,68.53599762916569,31.46399855613711,C3,C4,C5,C8
GMB,GM,"Gambia, The",27.121000289917,15.6840000152588,57.1940002441406,11.7030000686646,1.49199998378754,26.4559993743896,60.34899866580957,27.94799935817714,72.05199873447417,C3,C1,C1,C5
GEO,GE,Georgia,41.818000793457,13.8760004043579,44.3059997558594,19.4160003662109,1.98099994659424,48.935001373291,29.66799831390386,50.91600131988524,49.08399868011476,C3,C1,C2,C7
DEU,DE,Germany,1.21000003814697,27.0429992675781,71.7470016479492,0.319000005722046,4.22499990463257,90.1549987792969,5.301000356674194,94.37999868392947,5.62000036239624,C1,C3,C4,C7
GHA,GH,Ghana,29.2649993896484,21.7759990692139,48.9589996337891,8.9069995880127,5.65399980545044,25.6450004577637,59.79400396347046,31.29900026321414,68.70100355148315,C3,C1,C1,C7
GRC,GR,Greece,11.9820003509521,15.21399974823,72.8040008544922,3.56800007820129,7.5770001411438,66.6259994506836,22.22900032997131,74.20299959182739,25.7970004081726,C1,C2,C6,C5
GUM,GU,Guam,0.237000003457069,14.3629999160767,85.4000015258789,0.671999990940094,3.30200004577637,87.5250015258789,8.501000344753237,90.82700157165527,9.173000335693331,C1,C3,C4,C7
GTM,GT,Guatemala,31.4899997711182,18.5450000762939,49.9640007019043,9.42300033569336,2.79900002479553,59.6580009460449,28.11999869346621,62.45700097084043,37.542999029159574,C3,C4,C5,C6
GIN,GN,Guinea,61.742000579834,6.15700006484985,32.1020011901855,29.5090007781982,2.13100004196167,8.49499988555908,59.86499643325813,10.62599992752075,89.37399721145633,C2,C5,C7,C7
GNB,GW,Guinea-Bissau,68.1380004882813,7.00299978256226,24.8589992523193,23.5849990844727,1.39400005340576,22.8659992218018,52.15500354766844,24.259999275207562,75.74000263214114,C2,C5,C7,C1
GUY,GY,Guyana,17.136999130249,22.82200050354,60.0410003662109,3.85899996757507,6.94299983978271,67.5439987182617,21.65400147438052,74.48699855804442,25.51300144195559,C1,C2,C3,C5
HTI,HT,Haiti,28.6590003967285,6.68699979782104,64.6539993286133,21.3050003051758,0.666000008583069,27.0650005340576,50.96399724483494,27.73100054264067,72.26899755001074,C3,C1,C1,C3
HND,HN,Honduras,30.2600002288818,19.9729995727539,49.7669982910156,9.375,9.93299961090088,48.6769981384277,32.01500225067142,58.60999774932858,41.39000225067142,C3,C4,C5,C4
HKG,HK,"Hong Kong SAR, China",0.171000003814697,11.5979995727539,88.2310028076172,0.263000011444092,2.73000001907349,91.5530014038086,5.453999519348139,94.28300142288208,5.716999530792231,C1,C3,C4,C6
HUN,HU,Hungary,4.69999980926514,32.6949996948242,62.6049995422363,0.216999992728233,4.30200004577637,89.6740036010742,5.8070001751183975,93.97600364685057,6.024000167846631,C1,C2,C6,C4
ISL,IS,Iceland,3.93799996376038,16.4330005645752,79.6289978027344,0.28999999165535,3.99699997901917,87.8949966430664,7.81799957156178,91.89199662208557,8.10799956321713,C1,C3,C4,C2
IND,IN,India,42.3849983215332,25.5769996643066,32.0379981994629,12.1219997406006,2.01500010490417,23.7150001525879,62.148003816604636,25.730000257492073,74.27000355720523,C2,C1,C1,C3
IDN,ID,Indonesia,28.6350002288818,22.4540004730225,48.9109992980957,12.8529996871948,3.59400010108948,48.5120010375977,35.04099917411803,52.106001138687176,47.893998861312824,C3,C4,C5,C6
IRN,IR,"Iran, Islamic Rep.",17.9489994049072,30.5779991149902,51.4729995727539,5.18800020217896,3.79999995231628,54.7750015258789,36.23699831962586,58.575001478195176,41.424998521804824,C3,C2,C3,C4
IRQ,IQ,Iraq,18.0990009307861,22.3209991455078,59.5800018310547,4.28700017929077,2.61199998855591,77.5950012207031,15.50600051879882,80.207001209259,19.79300069808959,C1,C2,C3,C7
IRL,IE,Ireland,4.61899995803833,18.7019996643066,76.6790008544922,0.512000024318695,4.28299999237061,85.1070022583008,10.097999632358594,89.3900022506714,10.609999656677289,C1,C3,C4,C2
ISR,IL,Israel,0.924000024795532,16.992000579834,82.0839996337891,0.0370000004768372,4.08799982070923,87.6429977416992,8.232000529766033,91.73099756240843,8.26900053024287,C1,C3,C4,C4
ITA,IT,Italy,3.68400001525879,25.8719997406006,70.4440002441406,1.17499995231628,6.05299997329712,77.0800018310547,15.6920001506805,83.13300180435182,16.86700010299678,C1,C2,C6,C9
JAM,JM,Jamaica,15.9300003051758,16.1690006256104,67.9010009765625,0.925999999046326,3.53399991989136,60.693000793457,34.846999287605314,64.22700071334836,35.77299928665164,C1,C2,C3,C8
JPN,JP,Japan,3.42300009727478,24.2689990997314,72.306999206543,2.20799994468689,1.90299999713898,89.7900009155273,6.09900009632113,91.69300091266628,8.30700004100802,C1,C3,C4,C8
JOR,JO,Jordan,3.08400011062622,24.5149993896484,72.4010009765625,0.455000013113022,5.81300020217896,84.9850006103516,8.747000128030818,90.79800081253056,9.20200014114384,C1,C3,C4,C2
KAZ,KZ,Kazakhstan,15.8020000457764,20.4559993743896,63.742000579834,0.114000000059605,1.46200001239777,75.3850021362305,23.038999758660825,76.84700214862826,23.15299975872043,C1,C2,C3,C2
KEN,KE,Kenya,54.439998626709,7.31099987030029,38.2490005493164,7.38399982452393,0.256000012159348,48.4440002441406,43.91599991917612,48.700000256299944,51.299999743700056,C2,C1,C2,C6
PRK,KP,"Korea, Dem. Peopleâ€™s Rep.",51.3030014038086,13.4309997558594,35.265998840332,50.2089996337891,1.79900002479553,10.3870000839233,37.60499930381767,12.186000108718831,87.81399893760677,C2,C5,C7,C4
KOR,KR,"Korea, Rep.",4.87900018692017,25.1280002593994,69.9940032958984,3.93600010871887,5.82800006866455,75.1309967041016,15.104999303817781,80.95899677276616,19.04099941253665,C1,C2,C6,C6
KWT,KW,Kuwait,2.01099991798401,24.3840007781982,73.6050033569336,0.0140000004321337,0.691999971866608,98.2249984741211,1.0690000038593985,98.9169984459877,1.0830000042915322,C1,C3,C4,C4
KGZ,KG,Kyrgyz Republic,21.1720008850098,24.0690002441406,54.7589988708496,6.75299978256226,1.59700000286102,64.6139984130859,27.03600180149082,66.21099841594692,33.78900158405308,C3,C2,C3,C3
LAO,LA,Lao PDR,62.4220008850098,11.8929996490479,25.6849994659424,26.9930000305176,0.563000023365021,19.382999420166,53.060996711254084,19.945999443531022,80.05399674177168,C2,C5,C7,C7
LVA,LV,Latvia,6.75,23.7320003509521,69.5179977416992,0.469999998807907,4.26599979400635,88.5910034179688,6.673000603914242,92.85700321197515,7.143000602722149,C1,C2,C6,C2
LBN,LB,Lebanon,13.6090002059937,22.4580001831055,63.9339981079102,3.19300007820129,9.3439998626709,63.773998260498,23.689001798629818,73.1179981231689,26.882001876831108,C1,C2,C3,C5
LSO,LS,Lesotho,8.53600025177002,42.2229995727539,49.2410011291504,3.2720000743866,0.441000014543533,83.2490005493164,13.037999361753467,83.69000056385994,16.309999436140068,C1,C2,C3,C5
LBR,LR,Liberia,43.2729988098145,10.2170000076294,46.5099983215332,8.43400001525879,1.51699995994568,21.2849998474121,68.76399636268613,22.801999807357777,77.19799637794492,C3,C1,C1,C6
LBY,LY,Libya,18.9050006866455,21.9230003356934,59.1730003356934,0.435000002384186,1.10699999332428,93.1699981689453,5.287999927997585,94.27699816226958,5.7229999303817705,C1,C2,C6,C4
LTU,LT,Lithuania,6.8730001449585,25.9160003662109,67.2109985351563,0.698000013828278,2.37899994850159,88.4690017700195,8.454000174999232,90.84800171852109,9.15200018882751,C1,C2,C6,C5
LUX,LU,Luxembourg,1.00699996948242,11.6979999542236,87.2949981689453,0.824000000953674,2.92000007629395,91.4649963378906,4.790999770164484,94.38499641418454,5.614999771118159,C1,C3,C4,C9
MAC,MO,"Macao SAR, China",0.377000004053116,9.67000007629395,89.9520034790039,0.170000001788139,3.09999990463257,93.8140029907227,2.915999963879581,96.91400289535527,3.0859999656677197,C1,C3,C4,C5
MDG,MG,Madagascar,64.2220001220703,8.98700046539307,26.7910003662109,40.1370010375977,3.82200002670288,11.1020002365112,44.939001560211125,14.92400026321408,85.07600259780882,C2,C5,C7,C8
MWI,MW,Malawi,43.648998260498,13.8050003051758,42.5449981689453,6.48699998855591,1.13800001144409,39.6720008850098,52.7029991149902,40.81000089645389,59.18999910354611,C3,C1,C2,C8
MYS,MY,Malaysia,10.3610000610352,26.9969997406006,62.6419982910156,4.06500005722046,3.47199988365173,74.7389984130859,17.723999738693212,78.21099829673763,21.78899979591367,C1,C2,C6,C6
MDV,MV,Maldives,8.47000026702881,18.3840007781982,73.1460037231445,2.81900000572205,4.125,76.4079971313477,16.64799904823305,80.5329971313477,19.4669990539551,C1,C2,C6,C4
MLI,ML,Mali,62.5909996032715,7.5789999961853,29.8299999237061,25.7609996795654,0.603999972343445,18.4099998474121,55.22499668598175,19.013999819755544,80.98599636554715,C2,C5,C7,C2
MLT,MT,Malta,0.989000022411346,18.3099994659424,80.7020034790039,0.0419999994337559,4.2350001335144,85.9560012817383,9.766999538987843,90.1910014152527,9.808999538421599,C1,C3,C4,C8
MRT,MR,Mauritania,51.273998260498,12.9409999847412,35.7849998474121,8.53299999237061,2.64400005340576,44.8540000915527,43.96899986267093,47.49800014495846,52.50199985504154,C2,C1,C2,C3
MUS,MU,Mauritius,6.07200002670288,25.2859992980957,68.6419982910156,2.05999994277954,4.30499982833862,79.5240020751953,14.111000061035138,83.82900190353392,16.17100000381468,C1,C2,C6,C1
MEX,MX,Mexico,12.6090002059937,26.1439990997314,61.2470016479492,4.44999980926514,4.78700017929077,68.2809982299805,22.48199987411499,73.06799840927127,26.93199968338013,C1,C2,C3,C9
MDA,MD,Moldova,35.9309997558594,16.8490009307861,47.2200012207031,3.91899991035461,0.312000006437302,62.3409996032715,33.42800047993659,62.6529996097088,37.3470003902912,C3,C4,C5,C7
MNG,MN,Mongolia,27.423999786377,19.3649997711182,53.2120018005371,2.68499994277954,0.943000018596649,50.5709991455078,45.80100089311601,51.51399916410445,48.48600083589555,C3,C4,C5,C2
MNE,ME,Montenegro,7.93300008773804,19.1060009002686,72.9599990844727,2.49499988555908,8.33600044250488,78.4069976806641,10.762000083923343,86.74299812316899,13.256999969482424,C1,C3,C4,C5
MAR,MA,Morocco,34.689998626709,21.7119998931885,43.5979995727539,18.8519992828369,2.6340000629425,49.8279991149902,28.6860015392304,52.4619991779327,47.5380008220673,C3,C1,C2,C9
MOZ,MZ,Mozambique,70.3349990844727,8.44999980926514,21.2150001525879,20.9580001831055,2.46700000762939,14.3859996795654,62.18899822235101,16.85299968719479,83.14699840545651,C2,C5,C7,C6
MMR,MM,Myanmar,48.8889999389648,16.1469993591309,34.9640007019043,23.4080009460449,3.00600004196167,37.935001373291,35.65099763870243,40.94100141525267,59.05899858474733,C2,C1,C2,C4
NAM,NA,Namibia,22.132999420166,16.2730007171631,61.5940017700195,4.44299983978271,6.30100011825562,62.6790008544922,26.57699918746947,68.98000097274782,31.019999027252183,C1,C2,C3,C6
NPL,NP,Nepal,65.0039978027344,15.1370000839233,19.8589992523193,40.8050003051758,1.04100000858307,20.5440006256104,37.610000967979424,21.58500063419347,78.41500127315523,C2,C5,C7,C4
NLD,NL,Netherlands,2.03500008583069,15.9980001449585,81.9670028686523,0.324999988079071,3.96499991416931,83.3820037841797,12.328000128269219,87.34700369834901,12.65300011634829,C1,C3,C4,C3
NCL,NC,New Caledonia,1.92499995231628,20.82200050354,77.2529983520508,0.206000000238419,5.09899997711182,83.1620025634766,11.53299936652186,88.26100254058842,11.738999366760279,C1,C3,C4,C3
NZL,NZ,New Zealand,5.66300010681152,19.5799999237061,74.7570037841797,0.781000018119812,5.96199989318848,81.9509963989258,11.305999875068707,87.91299629211427,12.08699989318852,C1,C3,C4,C4
NIC,NI,Nicaragua,30.6520004272461,15.9329996109009,53.4150009155273,9.54399967193604,5.29300022125244,53.8370018005371,31.325998306274414,59.130002021789544,40.869997978210456,C3,C4,C5,C9
NER,NE,Niger,75.0630035400391,7.19399976730347,17.7430000305176,33.7680015563965,0.674000024795532,5.65100002288818,59.90699744224547,6.325000047683712,93.67499899864197,C2,C5,C8,C2
NGA,NG,Nigeria,35.0979995727539,12.2329998016357,52.6689987182617,13.5539999008179,3.83599996566772,18.5520000457764,64.05799818038938,22.38800001144412,77.61199808120728,C3,C1,C1,C2
MKD,MK,North Macedonia,15.3769998550415,31.4020004272461,53.2210006713867,5.85900020599365,4.27799987792969,76.6940002441406,13.16899967193606,80.97200012207028,19.02799987792971,C1,C2,C3,C2
NOR,NO,Norway,2.0550000667572,19.2749996185303,78.6699981689453,0.118000000715256,1.55400002002716,93.5390014648438,4.788999944925305,95.09300148487097,4.90699994564056,C1,C3,C4,C7
OMN,OM,Oman,4.55999994277954,32.7519989013672,62.6879997253418,0.175999999046326,1.22599995136261,96.1419982910156,2.456000089645384,97.3679982423782,2.63200008869171,C1,C2,C6,C6
PAK,PK,Pakistan,36.6609992980957,25.326000213623,38.0130004882813,19.6730003356934,1.40600001811981,43.1110000610352,35.80999958515159,44.51700007915501,55.48299992084499,C3,C1,C2,C8
PAN,PA,Panama,13.9519996643066,18.7469997406006,67.3000030517578,4.60599994659424,3.1489999294281,62.6319999694824,29.61300015449526,65.7809998989105,34.2190001010895,C1,C2,C3,C6
PNG,PG,Papua New Guinea,58.3160018920898,6.63500022888184,35.048999786377,35.5060005187988,1.55799996852875,20.5209999084473,42.41499578952795,22.078999876976052,77.92099630832675,C2,C5,C7,C7
PRY,PY,Paraguay,20.1299991607666,18.1590003967285,61.7109985351563,7.27299976348877,5.3730001449585,57.1430015563965,30.210998535156232,62.516001701354995,37.483998298645005,C3,C2,C3,C5
PER,PE,Peru,27.3859996795654,15.3450002670288,57.2680015563965,13.2080001831055,3.95900011062622,45.6230010986328,37.209998607635484,49.58200120925902,50.41799879074098,C3,C4,C5,C6
PHL,PH,Philippines,23.4050006866455,19.4379997253418,57.1570014953613,5.75299978256226,3.64000010490417,63.6609992980957,26.946000814437866,67.30099940299988,32.69900059700013,C3,C2,C3,C8
POL,PL,Poland,9.23499965667725,31.9389991760254,58.826000213623,2.27600002288818,4.03000020980835,79.911003112793,13.78300046920777,83.94100332260135,16.05900049209595,C1,C2,C6,C7
PRT,PT,Portugal,5.85099983215332,24.7369995117188,69.4120025634766,0.40200001001358,4.81400012969971,83.3379974365234,11.44600051641461,88.1519975662231,11.84800052642819,C1,C2,C6,C9
PRI,PR,Puerto Rico,1.0440000295639,15.6169996261597,83.338996887207,0.172999992966652,4.27600002288818,83.3539962768555,12.19699989259247,87.62999629974368,12.369999885559121,C1,C3,C4,C5
QAT,QA,Qatar,1.19400000572205,54.4300003051758,44.3759994506836,0.00999999977648258,0.277999997138977,99.5780029296875,0.13399999402463442,99.85600292682648,0.143999993801117,C1,C2,C3,C3
ROU,RO,Romania,21.7059993743896,30.0949993133545,48.1990013122559,7.50500011444092,1.06099998950958,75.2180023193359,16.2159994840622,76.27900230884548,23.72099959850312,C3,C2,C3,C4
RUS,RU,Russian Federation,5.75699996948242,26.6749992370605,67.568000793457,0.402999997138977,1.44099998474121,93.2099990844727,4.945999979972843,94.65099906921391,5.34899997711182,C1,C2,C6,C1
RWA,RW,Rwanda,62.4059982299805,8.89200019836426,28.7019996643066,28.5149993896484,0.0610000006854534,31.943000793457,39.48099981620915,32.00400079414245,67.99599920585754,C2,C5,C7,C2
WSM,WS,Samoa,30.3939990997314,23.0639991760254,46.5419998168945,4.7649998664856,3.03200006484985,66.984001159668,25.218998908996554,70.01600122451785,29.983998775482153,C3,C4,C5,C8
STP,ST,Sao Tome and Principe,19.0949993133545,18.4330005645752,62.4720001220703,4.3439998626709,1.61199998855591,50.273998260498,43.770001888275196,51.885998249053905,48.114001750946095,C3,C2,C3,C3
SAU,SA,Saudi Arabia,2.40300011634827,24.67799949646,72.9189987182617,0.0280000008642673,1.86699998378754,95.1169967651367,2.9879999123513628,96.98399674892424,3.01599991321563,C1,C3,C4,C3
SEN,SN,Senegal,30.0459995269775,13.503999710083,56.4500007629395,22.4050006866455,0.857999980449677,34.5139999389648,42.22299939394002,35.37199991941448,64.62800008058552,C3,C1,C1,C2
SRB,RS,Serbia,15.4589996337891,27.1420001983643,57.398998260498,5.32999992370605,3.6010000705719,72.1029968261719,18.965999364852948,75.7039968967438,24.295999288559,C1,C2,C3,C3
SLE,SL,Sierra Leone,54.9309997558594,6.45699977874756,38.6119995117188,6.31199979782104,2.61100006103516,11.2639999389648,79.813000202179,13.87499999999996,86.12500000000004,C2,C5,C7,C7
SGP,SG,Singapore,0.726000010967255,15.4720001220703,83.802001953125,0.358000010251999,4.35900020599365,85.9759979248047,9.30699995160105,90.33499813079835,9.664999961853049,C1,C3,C4,C8
SVK,SK,Slovak Republic,2.18400001525879,36.2509994506836,61.564998626709,0.0930000022053719,2.90300011634827,85.2990036010742,11.705000095069359,88.20200371742247,11.79800009727473,C1,C2,C6,C5
SVN,SI,Slovenia,5.22599983215332,33.4500007629395,61.3250007629395,2.61199998855591,3.77999997138977,85.0240020751953,8.58399987220762,88.80400204658507,11.19599986076353,C1,C2,C6,C4
SLB,SB,Solomon Islands,37.5929985046387,9.54599952697754,52.8610000610352,53.9109992980957,0.999000012874603,33.3240013122559,11.7660031914711,34.323001325130505,65.6770024895668,C3,C1,C1,C3
SOM,SO,Somalia,83.1119995117188,3.57800006866455,13.3100004196167,38.693000793457,1.11099994182587,11.6450004577637,48.551002621650724,12.75600039958957,87.24400341510773,C2,C5,C8,C2
ZAF,ZA,South Africa,5.08799982070923,22.9060001373291,72.0059967041016,0.513000011444092,5.25299978256226,84.447998046875,9.786000251770048,89.70099782943726,10.29900026321414,C1,C3,C4,C4
SSD,SS,South Sudan,56.875,13.8900003433228,29.2350006103516,39.1520004272461,3.40000009536743,11.746000289917,45.70199728012087,15.14600038528443,84.85399770736697,C2,C5,C7,C6
ESP,ES,Spain,4.09100008010864,20.2830009460449,75.6259994506836,0.363000005483627,4.93599987030029,84.0820007324219,10.619000345468482,89.0180006027222,10.98200035095211,C1,C3,C4,C3
LKA,LK,Sri Lanka,24.5170001983643,29.6560001373291,45.826000213623,7.75699996948242,3.02099990844727,57.9830017089844,31.238998413085906,61.004001617431676,38.995998382568324,C3,C4,C5,C5
LCA,LC,St. Lucia,17.2740001678467,18.2469997406006,64.4779968261719,1.10399997234344,6.875,63.5289993286133,28.49200069904326,70.40399932861331,29.5960006713867,C1,C2,C3,C3
VCT,VC,St. Vincent and the Grenadines,10.7270002365112,19.9340000152588,69.338996887207,1.39800000190735,5.52500009536743,74.6100006103516,18.46699929237362,80.13500070571904,19.86499929428097,C1,C2,C6,C5
SDN,SD,Sudan,39.9389991760254,16.2189998626709,43.8419990539551,16.6650009155273,5.68200016021729,43.9179992675781,33.73499965667731,49.59999942779539,50.40000057220461,C3,C1,C2,C4
SUR,SR,Suriname,7.51800012588501,23.4689998626709,69.0130004882813,1.44200003147125,1.93099999427795,85.8740005493164,10.753000378608698,87.80500054359436,12.195000410079949,C1,C2,C6,C6
SWE,SE,Sweden,1.64800000190735,17.9080009460449,80.4440002441406,0.202000007033348,3.50500011444092,90.431999206543,5.860999718308442,93.93699932098392,6.06299972534179,C1,C3,C4,C4
CHE,CH,Switzerland,2.94899988174438,20.2059993743896,76.8450012207031,1.88999998569489,5.71299982070923,85.3460006713867,7.051000475883479,91.05900049209593,8.94100046157837,C1,C3,C4,C4
SYR,SY,Syrian Arab Republic,10.7290000915527,26.5520000457764,62.7190017700195,2.79200005531311,4.63199996948242,62.9379997253418,29.63800024986267,67.56999969482422,32.43000030517578,C1,C2,C3,C5
TJK,TJ,Tajikistan,44.9210014343262,15.7150001525879,39.3639984130859,24.1149997711182,1.16400003433228,57.0839996337891,17.637000560760423,58.24799966812138,41.75200033187862,C3,C1,C2,C7
TZA,TZ,Tanzania,65.3059997558594,6.75099992752075,27.943000793457,32.6129989624023,2.77500009536743,14.4969997406006,50.11499929428106,17.271999835968032,82.72799825668336,C2,C5,C7,C3
THA,TH,Thailand,31.6149997711182,22.6340007781982,45.75,16.568000793457,2.6949999332428,48.8330001831055,31.9039990901947,51.528000116348295,48.4719998836517,C3,C1,C2,C4
TLS,TL,Timor-Leste,44.4819984436035,9.66600036621094,45.8520011901855,24.7220001220703,1.05900001525879,31.2859992980957,42.932996749877915,32.34499931335449,67.65499687194821,C3,C1,C1,C3
TGO,TG,Togo,37.6990013122559,12.8819999694824,49.4189987182617,26.4699993133545,1.80900001525879,17.2800006866455,54.44100189208981,19.08900070190429,80.91100120544431,C3,C1,C1,C6
TON,TO,Tonga,24.1889991760254,29.1049995422363,46.7060012817383,16.3400001525879,1.10699999332428,46.6529998779297,35.899999976158114,47.75999987125398,52.24000012874602,C3,C4,C5,C2
TTO,TT,Trinidad and Tobago,2.97499990463257,26.7259998321533,70.2990036010742,0.453999996185303,5.35500001907349,76.504997253418,17.686000823974606,81.85999727249148,18.14000082015991,C1,C2,C6,C8
TUN,TN,Tunisia,13.0310001373291,32.5499992370605,54.4189987182617,2.98600006103516,7.08900022506714,72.9459991455078,16.979000568389903,80.03499937057494,19.965000629425063,C1,C2,C3,C7
TUR,TR,Turkey,18.3759994506836,26.3080005645752,55.3160018920898,9.85799980163574,4.45900011062622,68.4980010986328,17.185000896453836,72.95700120925902,27.04300069808958,C1,C2,C3,C6
TKM,TM,Turkmenistan,19.882999420166,42.398998260498,37.7179985046387,3.84400010108948,1.8400000333786,72.9410018920898,21.374999880790718,74.7810019254684,25.2189999818802,C3,C2,C3,C6
UGA,UG,Uganda,72.6660003662109,6.60300016403198,20.7310009002686,15.3929996490479,3.1489999294281,21.6119995117188,59.846000909805305,24.7609994411469,75.2390005588532,C2,C5,C7,C4
UKR,UA,Ukraine,14.4779996871948,24.568000793457,60.9550018310547,0.239999994635582,0.888999998569489,84.2590026855469,14.61200018227103,85.14800268411639,14.852000176906612,C1,C2,C6,C5
ARE,AE,United Arab Emirates,1.4099999666214,34.359001159668,64.2310028076172,0.444000005722046,3.01399993896484,96.0540008544922,0.4880001544952437,99.06800079345705,0.9320001602172897,C1,C2,C6,C8
GBR,GB,United Kingdom,1.03400003910065,17.8799991607666,81.0859985351563,0.340999990701675,2.05200004577637,84.9499969482422,12.657000154256856,87.00199699401857,12.998000144958532,C1,C3,C4,C6
USA,US,United States,1.3400000333786,19.806999206543,78.8529968261719,0.0599999986588955,2.38199996948242,93.7819976806641,3.7759999670088344,96.16399765014653,3.83599996566773,C1,C3,C4,C8
URY,UY,Uruguay,8.11900043487549,18.9139995574951,72.9670028686523,0.760999977588654,3.74799990653992,71.931999206543,23.559000909328425,75.67999911308291,24.32000088691708,C1,C2,C6,C3
UZB,UZ,Uzbekistan,23.923999786377,29.4799995422363,46.5970001220703,8.50599956512451,1.40499997138977,56.6180000305176,33.47100043296812,58.02300000190737,41.97699999809263,C3,C4,C5,C7
VUT,VU,Vanuatu,55.8419990539551,6.31599998474121,37.8429985046387,8.72900009155273,1.46399998664856,28.1189994812012,61.68799662590031,29.58299946784976,70.41699671745305,C2,C5,C7,C3
VEN,VE,"Venezuela, RB",8.30599975585938,16.6259994506836,75.0690002441406,1.77300000190735,2.78699994087219,61.6030006408691,33.83699941635136,64.39000058174129,35.60999941825871,C1,C2,C3,C6
VNM,VN,Vietnam,37.3580017089844,27.6420001983643,35,14.3030004501343,2.04699993133545,43.8790016174316,39.770998001098654,45.92600154876705,54.07399845123295,C3,C1,C2,C5
VIR,VI,Virgin Islands (U.S.),3.29099988937378,19.6389999389648,77.0709991455078,0.177000001072884,5.23600006103516,87.3369979858398,7.250000044703457,92.57299804687496,7.4270000457763405,C1,C3,C4,C3
PSE,PS,West Bank and Gaza,6.08500003814697,31.632999420166,62.2820014953613,4.23000001907349,7.08599996566772,69.8440017700195,18.84000015258789,76.93000173568723,23.07000017166138,C1,C2,C6,C6
YEM,YE,"Yemen, Rep.",28.9759998321533,10.0480003356934,60.976001739502,12.8070001602173,7.31400012969971,47.0589981079102,32.820001602172795,54.372998237609906,45.627001762390094,C3,C4,C5,C8
ZMB,ZM,Zambia,48.8390007019043,10.8339996337891,40.3269996643066,33.4160003662109,0.301999986171722,21.5629997253418,44.71899610757827,21.864999711513523,78.13499647378917,C2,C1,C1,C8
ZWE,ZW,Zimbabwe,66.5439987182617,6.58300018310547,26.8729991912842,9.49100017547607,0.469999998807907,34.7910003662109,55.247999459505124,35.26100036501881,64.7389996349812,C2,C5,C7,C3
